                  epoch,         train/box_loss,         train/cls_loss,         train/dfl_loss,   metrics/precision(B),      metrics/recall(B),       metrics/mAP50(B),    metrics/mAP50-95(B),           val/box_loss,           val/cls_loss,           val/dfl_loss,                 lr/pg0,                 lr/pg1,                 lr/pg2
                      0,                 1.0169,                 1.8064,                 1.2623,                0.76431,                0.65931,                0.72502,                0.55433,                0.90526,                   1.04,                 1.0295,               0.070127,              0.0033193,              0.0033193
                      1,                0.87302,                0.99589,                 1.1422,                0.76424,                 0.7244,                0.74499,                0.55042,                0.94005,                0.92449,                 1.0132,               0.039863,              0.0063892,              0.0063892
                      2,                0.94683,                 1.0109,                  1.152,                0.69556,                0.67388,                0.65995,                0.48981,                 0.9991,                 1.1408,                 1.0443,              0.0093357,               0.009195,               0.009195
                      3,                0.99368,                 1.1114,                 1.1835,                  0.672,                0.60822,                0.65459,                 0.4817,                 1.0535,                 1.2255,                 1.0794,               0.008812,               0.008812,               0.008812
                      4,                 1.0205,                 1.1006,                 1.1999,                0.75869,                0.64083,                0.71053,                0.53242,                 1.0272,                 1.0078,                 1.0792,               0.008812,               0.008812,               0.008812
                      5,                 0.9724,                 1.0293,                 1.1789,                0.67687,                0.61927,                  0.654,                 0.4816,                0.98655,                 1.0639,                 1.0635,               0.008416,               0.008416,               0.008416
                      6,                0.94992,                0.98184,                 1.1664,                0.74924,                0.68529,                0.74096,                0.55434,                 1.0009,                 0.9393,                 1.0661,                0.00802,                0.00802,                0.00802
                      7,                0.94107,                0.94174,                 1.1582,                0.78879,                0.71686,                0.79817,                0.59647,                0.95955,                0.78052,                 1.0241,               0.007624,               0.007624,               0.007624
                      8,                0.91886,                0.90577,                 1.1462,                0.81772,                0.76473,                0.81082,                 0.6066,                0.91835,                0.80042,                 1.0008,               0.007228,               0.007228,               0.007228
                      9,                0.89785,                0.87152,                  1.143,                0.75537,                0.72951,                0.76334,                0.57319,                0.93775,                 0.8449,                 1.0176,               0.006832,               0.006832,               0.006832
                     10,                0.88532,                0.82869,                 1.1251,                0.81794,                0.77651,                0.83178,                0.63079,                0.91706,                0.73856,                0.99778,               0.006436,               0.006436,               0.006436
                     11,                0.86481,                0.81815,                 1.1244,                0.87018,                0.76454,                0.83637,                0.63165,                0.92506,                0.75331,                 1.0116,                0.00604,                0.00604,                0.00604
                     12,                0.86299,                0.78351,                 1.1079,                0.82726,                0.78498,                0.83705,                 0.6288,                0.87763,                0.73855,                0.97611,               0.005644,               0.005644,               0.005644
                     13,                 0.8271,                0.75098,                 1.1058,                0.79397,                0.77554,                 0.8166,                0.63144,                0.85342,                0.65745,                0.95899,               0.005248,               0.005248,               0.005248
                     14,                0.80469,                  0.711,                 1.0889,                 0.8729,                0.81191,                 0.8639,                0.66066,                0.86861,                0.63895,                0.97623,               0.004852,               0.004852,               0.004852
                     15,                0.76055,                0.66326,                 1.0459,                0.84781,                0.77215,                 0.8254,                0.62957,                0.91045,                0.78602,                 1.0002,               0.004456,               0.004456,               0.004456
                     16,                0.73781,                0.62003,                 1.0315,                0.85352,                0.76112,                0.84033,                0.65067,                0.89276,                0.74258,                0.97703,                0.00406,                0.00406,                0.00406
                     17,                0.72201,                0.59988,                 1.0253,                0.86924,                0.76795,                 0.8396,                0.64486,                0.85707,                0.66158,                0.97344,               0.003664,               0.003664,               0.003664
                     18,                0.69796,                0.57335,                 1.0144,                0.86591,                0.75966,                0.80898,                0.60971,                0.86171,                0.69143,                0.97001,               0.003268,               0.003268,               0.003268
                     19,                0.67729,                0.52042,                 1.0036,                0.84037,                0.80316,                 0.8219,                0.62709,                0.82323,                0.63856,                0.94537,               0.002872,               0.002872,               0.002872
                     20,                0.64745,                0.50364,                0.98795,                0.87586,                0.82814,                0.83318,                0.62867,                0.80824,                0.59072,                0.94416,               0.002476,               0.002476,               0.002476
                     21,                0.64189,                0.47567,                0.98666,                0.82689,                0.79883,                0.81612,                0.63278,                0.79968,                0.64692,                 0.9449,                0.00208,                0.00208,                0.00208
                     22,                0.62573,                0.44342,                0.97447,                0.86233,                0.80653,                0.81491,                0.63367,                 0.7933,                0.57546,                0.92782,               0.001684,               0.001684,               0.001684
                     23,                0.60992,                0.43185,                0.97215,                 0.8841,                0.85176,                0.87636,                0.68388,                0.78681,                0.54851,                0.93054,               0.001288,               0.001288,               0.001288
                     24,                0.58368,                0.40607,                0.95588,                0.90192,                0.84253,                0.89303,                0.71395,                0.76043,                0.52333,                0.91767,               0.000892,               0.000892,               0.000892
